{"elapsed_time": -3.1471426486968994, "epoch": 3, "batch": 8575, "batch_loss": 4.828956127166748, "ppl": 125.08032453012562, "learning_rate": 4.286875, "_step": 5052, "_runtime": 77, "_timestamp": 1613077810, "val_loss": 5.084720166507671, "val_ppl": 161.5347300847253, "test_loss": 5.028264390097724, "test_ppl": 152.66781085443935}