{"epoch": 20, "batch_loss": 5.919174671173096, "ppl": 372.10447855576655, "learning_rate": 3.584859224085419e-05, "_step": 39041, "_runtime": 10112, "_timestamp": 1613786697, "val_loss": 6.247903555665832, "val_ppl": 516.9279771755623}