{"epoch": 16, "batch_loss": 6.103725910186768, "ppl": 447.5220947265874, "learning_rate": 4.401266686517655e-06, "_step": 32123, "_runtime": 8367, "_timestamp": 1614033669, "val_loss": 6.020617605959199, "val_ppl": 411.8328676319048}