{"epoch": 3, "batch": 7665, "batch_loss": 4.748483180999756, "ppl": 115.40909698577133, "learning_rate": 4.286875, "_step": 4805, "_runtime": 92, "_timestamp": 1613439582, "val_loss": 5.089516805038721, "val_ppl": 162.31141504450812}