{"epoch": 3, "batch": 30720, "batch_loss": 6.718878746032715, "ppl": 827.8887173629183, "learning_rate": 4.286875, "_step": 1975, "_runtime": 721, "_timestamp": 1613548662, "val_loss": 6.70422948952892, "val_ppl": 815.849163747522, "test_loss": 6.653304780276373, "test_ppl": 775.3424325947337}