{"epoch": 3, "batch": 30720, "batch_loss": 6.8828911781311035, "ppl": 975.4424648220578, "learning_rate": 4.286875, "_step": 13993, "_runtime": 2978, "_timestamp": 1613617814, "val_loss": 6.882965457858629, "val_ppl": 975.5149231136191, "test_loss": 6.824806361499625, "test_ppl": 920.3981622745107}