{"epoch": 10, "batch_loss": 6.184593200683594, "ppl": 485.2155381061584, "learning_rate": 5.9873693923837885e-06, "_step": 18910, "_runtime": 4932, "_timestamp": 1614043358, "val_loss": 6.021290985774705, "val_ppl": 412.11028096411684}