{"epoch": 3, "batch": 8575, "batch_loss": 4.868480205535889, "ppl": 130.12300631819636, "learning_rate": 4.286875, "_step": 5052, "_runtime": 94, "_timestamp": 1613439873, "val_loss": 5.077231379434484, "val_ppl": 160.329549190149, "test_loss": 5.026391107497892, "test_ppl": 152.38208860362607}