{"epoch": 3, "batch": 46480, "batch_loss": 2.1240131855010986, "ppl": 8.36463906692323, "learning_rate": 4.286875, "_step": 27462, "_runtime": 258, "_timestamp": 1613504568, "val_loss": 2.188682570070912, "val_ppl": 8.923449348189157, "test_loss": 2.173172846400287, "test_ppl": 8.786116862016279}