{"epoch": 1, "batch": 1380, "batch_loss": 5.418639659881592, "ppl": 225.57205897255434, "learning_rate": 5.0, "_step": 1380, "_runtime": 40, "_timestamp": 1613439406}