{"epoch": 3, "batch": 46480, "batch_loss": 2.178071975708008, "ppl": 8.829266796886204, "learning_rate": 4.286875, "_step": 27462, "_runtime": 259, "_timestamp": 1613440267, "val_loss": 2.2219585390864034, "val_ppl": 9.225381453885614, "test_loss": 2.2057158693738206, "test_ppl": 9.07674700783257}