{"epoch": 1, "batch": 82, "batch_loss": 7.254525184631348, "ppl": 1414.4912214842573, "learning_rate": 0.0001, "_step": 82, "_runtime": 60, "_timestamp": 1613776489}