{"epoch": 3, "batch": 7665, "batch_loss": 4.763675689697266, "ppl": 117.1758373224762, "learning_rate": 4.286875, "_step": 4805, "_runtime": 94, "_timestamp": 1613439757, "val_loss": 5.093019378155738, "val_ppl": 162.88091942657329}