{"epoch": 3, "batch": 8575, "batch_loss": 4.822432518005371, "ppl": 124.26700515238441, "learning_rate": 4.286875, "_step": 5052, "_runtime": 97, "_timestamp": 1613535951, "val_loss": 5.077807454618921, "val_ppl": 160.42193767357074, "test_loss": 5.023000065052451, "test_ppl": 151.86622961743433}