{"epoch": 50, "batch": 30720, "batch_loss": 6.950888156890869, "ppl": 1044.0766203514995, "learning_rate": 0.38472487638356573, "_step": 225681, "_runtime": 48484, "_timestamp": 1613686862, "val_loss": 6.934189286056618, "val_ppl": 1026.786484381784, "test_loss": 6.877916635399767, "test_ppl": 970.6021337971947}