{"elapsed_time": -3.32908034324646, "epoch": 3, "batch": 8575, "batch_loss": 9.256087303161621, "ppl": 10468.094626034954, "learning_rate": 3.151247048623046, "_step": 5052, "_runtime": 81, "_timestamp": 1613078048, "val_loss": 9.220430330248385, "val_ppl": 10101.410335390703, "test_loss": 9.222590551325249, "test_ppl": 10123.255201278094}