{"epoch": 3, "batch": 844, "batch_loss": 6.5692362785339355, "ppl": 712.8252352612566, "learning_rate": 4.286875, "_step": 4922, "_runtime": 1029, "_timestamp": 1613775592, "val_loss": 6.513828005173464, "val_ppl": 674.4031012259661}