{"epoch": 1, "batch": 496, "batch_loss": 7.752045631408691, "ppl": 2326.3263568088923, "learning_rate": 5.0, "_step": 496, "_runtime": 939, "_timestamp": 1613592665}