{"epoch": 1, "batch": 54, "batch_loss": 14.809469223022461, "ppl": 2701909.2832784173, "learning_rate": 5.0, "_step": 54, "_runtime": 127, "_timestamp": 1613600628}