{"epoch": 3, "batch": 426, "batch_loss": 7.013225555419922, "ppl": 1111.233074226548, "learning_rate": 4.286875, "_step": 1556, "_runtime": 2551, "_timestamp": 1613600480, "val_loss": 7.489500676779974, "val_ppl": 1789.1585003832047}