{"epoch": 10, "batch_loss": 5.866924285888672, "ppl": 353.1610855644027, "learning_rate": 3.7421058702398655e-05, "_step": 11118, "_runtime": 913, "_timestamp": 1614044282, "val_loss": 6.0821953129691275, "val_ppl": 437.9896644575409, "test_loss": 6.035813991170244, "test_ppl": 418.1390326307841}