{"epoch": 3, "batch": 24605, "batch_loss": 5.8061299324035645, "ppl": 332.3304922643128, "learning_rate": 4.286875, "_step": 11522, "_runtime": 380, "_timestamp": 1613535358, "val_loss": 5.489471983944578, "val_ppl": 242.1293249280187, "test_loss": 5.398439155759896, "test_ppl": 221.06110483346976}