{"epoch": 17, "batch_loss": 6.531273365020752, "ppl": 686.2715295079114, "learning_rate": 8.362406704383544e-06, "_step": 33541, "_runtime": 8719, "_timestamp": 1613802349, "val_loss": 6.0858192073300375, "val_ppl": 439.57977218372815}