{"epoch": 13, "batch_loss": 8.104769706726074, "ppl": 3310.2192562164414, "learning_rate": 2.566710416397524e-05, "_step": 26237, "_runtime": 6794, "_timestamp": 1613793580, "val_loss": 7.998758233425403, "val_ppl": 2977.258630397219}