{"epoch": 3, "batch": 30720, "batch_loss": 6.8576226234436035, "ppl": 951.1032470183939, "learning_rate": 4.286875, "_step": 1756, "_runtime": 2760, "_timestamp": 1613603438, "val_loss": 6.869746434203793, "val_ppl": 962.7044259462849, "test_loss": 6.809248137046431, "test_ppl": 906.1892206460085}